<?xml version="1.0" encoding="UTF-8"?>
<project-private xmlns="http://www.netbeans.org/ns/project-private/1">
    <editor-bookmarks xmlns="http://www.netbeans.org/ns/editor-bookmarks/2" lastBookmarkId="0"/>
    <open-files xmlns="http://www.netbeans.org/ns/projectui-open-files/2">
        <group>
            <file>file:/C:/Users/tyjen/OneDrive/Documents/NetBeansProjects/LAMSDraw3D/src/lamsdraw3d/ToolsMenu.java</file>
            <file>file:/C:/Users/tyjen/OneDrive/Documents/NetBeansProjects/LAMSDraw3D/src/converter/LamToObjConverter.java</file>
            <file>file:/C:/Users/tyjen/OneDrive/Documents/NetBeansProjects/LAMSDraw3D/src/lamsdraw3d/LAMS.java</file>
            <file>file:/C:/Users/tyjen/OneDrive/Documents/NetBeansProjects/LAMSDraw3D/nbproject/build-impl.xml</file>
            <file>file:/C:/Users/tyjen/OneDrive/Documents/NetBeansProjects/LAMSDraw3D/src/lamsdraw3d/Draw3D.java</file>
        </group>
    </open-files>
</project-private>
